"Geo Code","Geo Name","Line Number"
"2021S0503932","Abbotsford - Mission",2
"2021A00055909052","Abbotsford",2633
"2021A00055909856","Langley 2",5264
"2021A00055909878","Matsqui Main 2",7895
"2021A00055909056","Mission",10526
"2021A00055909877","Upper Sumas 6",13157
"2021S0504410","Alma",15788
"2021A00052493042","Alma",18419
"2021S0504481","Amos",21050
"2021A00052488055","Amos",23681
"2021A00052488070","Berry",26312
"2021A00052488802","Pikogan",28943
"2021A00052488065","Saint-Dominique-du-Rosaire",31574
"2021A00052488060","Saint-Félix-de-Dalquier",34205
"2021A00052488040","Saint-Marc-de-Figuery",36836
"2021A00052488050","Saint-Mathieu-d'Harricana",39467
"2021A00052488085","Sainte-Gertrude-Manneville",42098
"2021A00052488075","Trécesson",44729
"2021S0504406","Baie-Comeau",47360
"2021A00052496020","Baie-Comeau",49991
"2021A00052496035","Chute-aux-Outardes",52622
"2021A00052496025","Pointe-Lebel",55253
"2021A00052496030","Pointe-aux-Outardes",57884
"2021A00052496040","Ragueneau",60515
"2021S0503568","Barrie",63146
"2021A00053543042","Barrie",65777
"2021A00053543017","Innisfil",68408
"2021A00053543009","Springwater",71039
"2021S0504328","Bathurst",73670
"2021A00051315008","Bathurst",76301
"2021A00051315011","Bathurst",78932
"2021A00051315012","Beresford",81563
"2021A00051315015","Beresford",84194
"2021A00051315037","Nigadoo",86825
"2021A00051315010","Pabineau 11",89456
"2021A00051315014","Petit-Rocher",92087
"2021A00051315013","Pointe-Verte",94718
"2021S0503522","Belleville - Quinte West",97349
"2021A00053512005","Belleville",99980
"2021A00053512015","Quinte West",102611
"2021A00053512020","Stirling-Rawdon",105242
"2021A00053512001","Tyendinaga",107873
"2021S0504610","Brandon",110504
"2021A00054607062","Brandon",113135
"2021A00054607071","Elton",115766
"2021A00054607072","Waywayseecappo Highway 10",118397
"2021A00054607057","Whitehead",121028
"2021S0503543","Brantford",123659
"2021A00053529005","Brant",126290
"2021A00053529006","Brantford",128921
"2021A00053529020","Six Nations (Part) 40",131552
"2021S0504512","Brockville",134183
"2021A00053507015","Brockville",136814
"2021A00053507014","Elizabethtown-Kitley",139445
"2021S0504806","Brooks",142076
"2021A00054802034","Brooks",144707
"2021S0503825","Calgary",147338
"2021A00054806021","Airdrie",149969
"2021A00054806024","Beiseker",152600
"2021A00054806016","Calgary",155231
"2021A00054806017","Chestermere",157862
"2021A00054806019","Cochrane",160493
"2021A00054806026","Crossfield",163124
"2021A00054806022","Irricana",165755
"2021A00054806014","Rocky View County",168386
"2021A00054806804","Tsuu T'ina Nation 145",171017
"2021S0504944","Campbell River",173648
"2021A00055924034","Campbell River",176279
"2021A00055924804","Campbell River 11",178910
"2021A00055924840","Homalco 9",181541
"2021A00055924843","Nenagwas 12",184172
"2021A00055924812","Quinsam 12",186803
"2021A00055924042","Strathcona D (Oyster Bay - Buttle Lake)",189434
"2021S0504330","Campbellton",192065
"2021A00051314012","Addington",194696
"2021A00051314013","Atholville",197327
"2021A00051314014","Campbellton",199958
"2021A00052406804","Listuguj",202589
"2021A00052406030","Pointe-à-la-Croix",205220
"2021A00051314015","Tide Head",207851
"2021S0504833","Camrose",210482
"2021A00054810011","Camrose",213113
"2021S0504828","Canmore",215744
"2021A00054815023","Canmore",218375
"2021S0504225","Cape Breton",221006
"2021A00051217030","Cape Breton",223637
"2021A00051217020","Eskasoni 3",226268
"2021A00051217008","Membertou 28B",228899
"2021S0504531","Centre Wellington",231530
"2021A00053523025","Centre Wellington",234161
"2021S0504105","Charlottetown",236792
"2021A00051102055","Brackley",239423
"2021A00051102075","Charlottetown",242054
"2021A00051102037","Clyde River",244685
"2021A00051102085","Cornwall",247316
"2021A00051102010","Crossroads",249947
"2021A00051102064","East River, Part 1",252578
"2021A00051101052","East River, Part 2",255209
"2021A00051102043","Hunter River",257840
"2021A00051102015","Johnstons River",260471
"2021A00051102022","Kingston",263102
"2021A00051102040","Miltonvale Park",265733
"2021A00051102059","Mount Stewart",268364
"2021A00051102017","New Glasgow",270995
"2021A00051102067","North Shore",273626
"2021A00051102073","North Shore",276257
"2021A00051102030","Rocky Point 3",278888
"2021A00051102057","Scotchfort 4",281519
"2021A00051102080","Stratford",284150
"2021A00051102050","Union Road",286781
"2021A00051102070","Warren Grove",289412
"2021A00051102068","West River",292043
"2021A00051102069","Winsloe North",294674
"2021A00051102061","York",297305
"2021S0504556","Chatham-Kent",299936
"2021A00053536020","Chatham-Kent",302567
"2021A00053536029","Moravian 47",305198
"2021S0503930","Chilliwack",307829
"2021A00055909835","Aitchelitch 9",310460
"2021A00055909837","Cheam 1",313091
"2021A00055909020","Chilliwack",315722
"2021A00055909034","Fraser Valley D",318353
"2021A00055909036","Fraser Valley E",320984
"2021A00055909035","Fraser Valley H",323615
"2021A00055909027","Harrison Hot Springs",326246
"2021A00055909032","Kent",328877
"2021A00055909821","Kwawkwawapilt 6",331508
"2021A00055909844","Popkum 1",334139
"2021A00055909838","Schelowat 1",336770
"2021A00055909833","Scowlitz 1",339401
"2021A00055909832","Seabird Island",342032
"2021A00055909884","Skowkale",344663
"2021A00055909824","Skwah 4",347294
"2021A00055909825","Skwali 3",349925
"2021A00055909826","Skway 5",352556
"2021A00055909827","Soowahlie 14",355187
"2021A00055909885","Squiaala",357818
"2021A00055909834","Tseatah 2",360449
"2021A00055909830","Tzeachten 13",363080
"2021A00055909831","Yakweakwioose 12",365711
"2021S0504527","Cobourg",368342
"2021A00053514021","Cobourg",370973
"2021S0504567","Collingwood",373604
"2021A00053543031","Collingwood",376235
"2021S0504015","Corner Brook",378866
"2021A00051005018","Corner Brook",381497
"2021A00051005010","Division No.  5, Subd. F",384128
"2021A00051005028","Hughes Brook",386759
"2021A00051005020","Humber Arm South",389390
"2021A00051005030","Irishtown-Summerside",392021
"2021A00051005017","Massey Drive",394652
"2021A00051005025","Meadows",397283
"2021A00051005033","Mount Moriah",399914
"2021A00051005012","Pasadena",402545
"2021A00051005011","Steady Brook",405176
"2021S0504501","Cornwall",407807
"2021A00053501012","Cornwall",410438
"2021A00053501011","South Stormont",413069
"2021S0504943","Courtenay",415700
"2021A00055926005","Comox",418331
"2021A00055926801","Comox 1",420962
"2021A00055926021","Comox Valley A",423593
"2021A00055926022","Comox Valley B (Lazo North)",426224
"2021A00055926010","Courtenay",428855
"2021A00055926014","Cumberland",431486
"2021S0504437","Cowansville",434117
"2021A00052446080","Cowansville",436748
"2021S0504905","Cranbrook",439379
"2021A00055901805","Cassimayooks (Mayook) 5",442010
"2021A00055901022","Cranbrook",444641
"2021A00055901035","East Kootenay C",447272
"2021A00055901802","Isidore's Ranch 4",449903
"2021S0504975","Dawson Creek",452534
"2021A00055955014","Dawson Creek",455165
"2021A00055955021","Peace River D",457796
"2021A00055955005","Pouce Coupe",460427
"2021S0504411","Dolbeau-Mistassini",463058
"2021A00052492022","Dolbeau-Mistassini",465689
"2021A00052492065","Saint-Eugène-d'Argentenay",468320
"2021A00052492015","Sainte-Jeanne-d'Arc",470951
"2021S0503447","Drummondville",473582
"2021A00052449058","Drummondville",476213
"2021A00052449025","L'Avenir",478844
"2021A00052449020","Lefebvre",481475
"2021A00052449075","Notre-Dame-du-Bon-Conseil",484106
"2021A00052449080","Notre-Dame-du-Bon-Conseil",486737
"2021A00052449125","Saint-Bonaventure",489368
"2021A00052449070","Saint-Cyrille-de-Wendover",491999
"2021A00052449100","Saint-Edmond-de-Grantham",494630
"2021A00052449048","Saint-Germain-de-Grantham",497261
"2021A00052449030","Saint-Lucien",499892
"2021A00052449095","Saint-Majorique-de-Grantham",502523
"2021A00052449040","Wickham",505154
"2021S0504937","Duncan",507785
"2021A00055919822","Cowichan",510416
"2021A00055919013","Cowichan Valley D",513047
"2021A00055919051","Cowichan Valley E",515678
"2021A00055919012","Duncan",518309
"2021A00055919801","Halalt 2",520940
"2021A00055919808","Kil-pah-las 3",523571
"2021A00055919008","North Cowichan",526202
"2021A00055919802","Squaw-Hay-One 11",528833
"2021A00055919818","Theik 2",531464
"2021A00055919803","Tsussie 6",534095
"2021A00055919821","Tzart-Lam 5",536726
"2021S0503835","Edmonton",539357
"2021A00054811805","Alexander 134",541988
"2021A00054811013","Beaumont",544619
"2021A00054811039","Betula Beach",547250
"2021A00054811066","Bon Accord",549881
"2021A00054810066","Bruderheim",552512
"2021A00054811019","Calmar",555143
"2021A00054811018","Devon",557774
"2021A00054811061","Edmonton",560405
"2021A00054811804","Enoch Cree Nation",563036
"2021A00054811056","Fort Saskatchewan",565667
"2021A00054811064","Gibbons",568298
"2021A00054811023","Golden Days",570929
"2021A00054811022","Itaska Beach",573560
"2021A00054811044","Kapasiwin",576191
"2021A00054811042","Lakeview",578822
"2021A00054811016","Leduc",581453
"2021A00054811012","Leduc County",584084
"2021A00054811069","Legal",586715
"2021A00054811068","Morinville",589346
"2021A00054811034","Parkland County",591977
"2021A00054811041","Point Alison",594608
"2021A00054811065","Redwater",597239
"2021A00054811038","Seba Beach",599870
"2021A00054811046","Spring Lake",602501
"2021A00054811049","Spruce Grove",605132
"2021A00054811062","St. Albert",607763
"2021A00054811048","Stony Plain",610394
"2021A00054811052","Strathcona County",613025
"2021A00054811059","Sturgeon County",615656
"2021A00054811020","Sundance Beach",618287
"2021A00054811021","Thorsby",620918
"2021A00054811806","Wabamun 133A",623549
"2021A00054811807","Wabamun 133B",626180
"2021A00054811024","Warburg",628811
"2021S0504335","Edmundston",631442
"2021A00051313027","Edmundston",634073
"2021A00051313014","Rivière-Verte",636704
"2021A00051313015","Rivière-Verte",639335
"2021A00051313018","Saint-Basile",641966
"2021A00051313024","Saint-Jacques",644597
"2021A00051313022","Saint-Joseph",647228
"2021A00051313020","St. Basile 10",649859
"2021S0504582","Elliot Lake",652490
"2021A00053557041","Elliot Lake",655121
"2021S0504563","Essa",657752
"2021A00053543021","Essa",660383
"2021S0504750","Estevan",663014
"2021A00054701021","Bienfait",665645
"2021A00054701024","Estevan",668276
"2021A00054701022","Estevan No. 5",670907
"2021S0504977","Fort St. John",673538
"2021A00055955034","Fort St. John",676169
"2021A00055955042","Peace River C",678800
"2021A00055955030","Taylor",681431
"2021S0503320","Fredericton",684062
"2021A00051310026","Bright",686693
"2021A00051310034","Devon 30",689324
"2021A00051310028","Douglas",691955
"2021A00051310032","Fredericton",694586
"2021A00051303004","Gladstone",697217
"2021A00051310017","Hanwell",699848
"2021A00051310005","Harvey",702479
"2021A00051310018","Kingsclear",705110
"2021A00051310019","Kingsclear 6",707741
"2021A00051303008","Lincoln",710372
"2021A00051310004","Manners Sutton",713003
"2021A00051303016","Maugerville",715634
"2021A00051310001","New Maryland",718265
"2021A00051310002","New Maryland",720896
"2021A00051310016","Prince William",723527
"2021A00051310021","Queensbury",726158
"2021A00051310031","Saint Marys",728789
"2021A00051303005","Tracy",731420
"2021S0504011","Gander",734051
"2021A00051006011","Appleton",736682
"2021A00051006008","Division No.  6, Subd. E",739313
"2021A00051006009","Gander",741944
"2021A00051006012","Glenwood",744575
"2021S0504450","Granby",747206
"2021A00052446078","Bromont",749837
"2021A00052447017","Granby",752468
"2021A00052447047","Roxton Pond",755099
"2021A00052447010","Saint-Alphonse-de-Granby",757730
"2021A00052455015","Saint-Paul-d'Abbotsford",760361
"2021S0504010","Grand Falls-Windsor",762992
"2021A00051006017","Grand Falls-Windsor",765623
"2021S0504850","Grande Prairie",768254
"2021A00054819012","Grande Prairie",770885
"2021S0503580","Greater Sudbury / Grand Sudbury",773516
"2021A00053553005","Greater Sudbury / Grand Sudbury",776147
"2021A00053552013","Markstay-Warren",778778
"2021A00053552004","St.-Charles",781409
"2021A00053553040","Wahnapitei 11",784040
"2021A00053552051","Whitefish Lake 6",786671
"2021S0503550","Guelph",789302
"2021A00053523008","Guelph",791933
"2021A00053523009","Guelph/Eramosa",794564
"2021A00053523001","Puslinch",797195
"2021S0503205","Halifax",799826
"2021A00051209037","Beaver Lake 17",802457
"2021A00051209019","Cole Harbour 30",805088
"2021A00051208008","East Hants",807719
"2021A00051209034","Halifax",810350
"2021A00051208014","Indian Brook 14",812981
"2021A00051209038","Sheet Harbour 36",815612
"2021A00051209800","Wallace Hills 14A",818243
"2021S0503537","Hamilton",820874
"2021A00053524002","Burlington",823505
"2021A00053526065","Grimsby",826136
"2021A00053525005","Hamilton",828767
"2021S0504502","Hawkesbury",831398
"2021A00052476055","Grenville",834029
"2021A00053502008","Hawkesbury",836660
"2021S0504821","High River",839291
"2021A00054806006","High River",841922
"2021S0504533","Ingersoll",844553
"2021A00053532018","Ingersoll",847184
"2021S0504456","Joliette",849815
"2021A00052461025","Joliette",852446
"2021A00052461030","Notre-Dame-des-Prairies",855077
"2021A00052461035","Saint-Charles-Borromée",857708
"2021A00052461005","Saint-Paul",860339
"2021S0503925","Kamloops",862970
"2021A00055933054","Chase",865601
"2021A00055933042","Kamloops",868232
"2021A00055933880","Kamloops 1",870863
"2021A00055933035","Logan Lake",873494
"2021A00055933884","Sahhaltkum 4",876125
"2021A00055933045","Sun Peaks Mountain",878756
"2021A00055933039","Thompson-Nicola J (Copper Desert Country)",881387
"2021A00055933044","Thompson-Nicola P (Rivers and the Peaks)",884018
"2021A00055933877","Whispering Pines 4",886649
"2021S0504530","Kawartha Lakes",889280
"2021A00053516010","Kawartha Lakes",891911
"2021S0503915","Kelowna",894542
"2021A00055935012","Central Okanagan",897173
"2021A00055935020","Central Okanagan West",899804
"2021A00055935801","Duck Lake 7",902435
"2021A00055935010","Kelowna",905066
"2021A00055935016","Lake Country",907697
"2021A00055935018","Peachland",910328
"2021A00055935803","Tsinstikeptum 10",912959
"2021A00055935802","Tsinstikeptum 9",915590
"2021A00055935029","West Kelowna",918221
"2021S0504598","Kenora",920852
"2021A00053560010","Kenora",923483
"2021S0504210","Kentville",926114
"2021A00051207012","Kentville",928745
"2021A00051207016","Kings, Subd. B",931376
"2021A00051207011","Kings, Subd. C",934007
"2021S0503521","Kingston",936638
"2021A00053510005","Frontenac Islands",939269
"2021A00053510010","Kingston",941900
"2021A00053511005","Loyalist",944531
"2021A00053510020","South Frontenac",947162
"2021S0503541","Kitchener - Cambridge - Waterloo",949793
"2021A00053530010","Cambridge",952424
"2021A00053530013","Kitchener",955055
"2021A00053530004","North Dumfries",957686
"2021A00053530016","Waterloo",960317
"2021A00053530020","Wilmot",962948
"2021A00053530035","Woolwich",965579
"2021S0504468","Lachute",968210
"2021A00052476020","Lachute",970841
"2021S0504832","Lacombe",973472
"2021A00054808031","Lacombe",976103
"2021S0504936","Ladysmith",978734
"2021A00055919804","Chemainus 13",981365
"2021A00055919015","Cowichan Valley G",983996
"2021A00055919017","Cowichan Valley H",986627
"2021A00055919021","Ladysmith",989258
"2021A00055919813","Lyacksun 3",991889
"2021A00055919816","Oyster Bay 12",994520
"2021A00055919809","Penelakut Island 7",997151
"2021A00055919817","Portier Pass 5",999782
"2021A00055919811","Shingle Point 4",1002413
"2021S0503810","Lethbridge",1005044
"2021A00054802016","Barons",1007675
"2021A00054802019","Coaldale",1010306
"2021A00054802013","Coalhurst",1012937
"2021A00054802012","Lethbridge",1015568
"2021A00054802011","Lethbridge County",1018199
"2021A00054802014","Nobleford",1020830
"2021A00054802018","Picture Butte",1023461
"2021S0504840","Lloydminster",1026092
"2021A00054717028","Britannia No. 502",1028723
"2021A00054717024","Lashburn",1031354
"2021A00054717029","Lloydminster (Part)",1033985
"2021A00054810039","Lloydminster (Part)",1036616
"2021A00054717026","Marshall",1039247
"2021A00054717022","Wilton No. 472",1041878
"2021S0503555","London",1044509
"2021A00053539047","Adelaide-Metcalfe",1047140
"2021A00053534020","Central Elgin",1049771
"2021A00053539036","London",1052402
"2021A00053539033","Middlesex Centre",1055033
"2021A00053534024","Southwold",1057664
"2021A00053534021","St. Thomas",1060295
"2021A00053539015","Strathroy-Caradoc",1062926
"2021A00053539027","Thames Centre",1065557
"2021S0504403","Matane",1068188
"2021A00052408053","Matane",1070819
"2021A00052408030","Saint-Adelme",1073450
"2021A00052408065","Saint-Léandre",1076081
"2021A00052408035","Saint-René-de-Matane",1078712
"2021A00052408073","Saint-Ulric",1081343
"2021A00052408023","Sainte-Félicité",1083974
"2021S0504805","Medicine Hat",1086605
"2021A00054801003","Cypress County",1089236
"2021A00054801006","Medicine Hat",1091867
"2021A00054801018","Redcliff",1094498
"2021S0504571","Midland",1097129
"2021A00053543074","Midland",1099760
"2021A00053543072","Penetanguishene",1102391
"2021S0504329","Miramichi",1105022
"2021A00051309033","Big Hole Tract 8 (North Half)",1107653
"2021A00051309034","Big Hole Tract 8 (South Half)",1110284
"2021A00051309006","Chatham",1112915
"2021A00051309011","Derby",1115546
"2021A00051309035","Eel Ground 2",1118177
"2021A00051309004","Glenelg",1120808
"2021A00051309050","Miramichi",1123439
"2021A00051309014","Nelson",1126070
"2021A00051309031","Newcastle",1128701
"2021A00051309028","Northesk",1131332
"2021A00051309023","Red Bank 4",1133963
"2021A00051309026","Southesk",1136594
"2021S0503305","Moncton",1139225
"2021A00051306014","Coverdale",1141856
"2021A00051307045","Dieppe",1144487
"2021A00051307011","Dorchester",1147118
"2021A00051307012","Dorchester",1149749
"2021A00051306008","Elgin",1152380
"2021A00051307014","Fort Folly 1",1155011
"2021A00051306011","Hillsborough",1157642
"2021A00051306025","Hillsborough",1160273
"2021A00051306001","Hopewell",1162904
"2021A00051307013","Memramcook",1165535
"2021A00051307019","Moncton",1168166
"2021A00051307022","Moncton",1170797
"2021A00051306020","Riverview",1173428
"2021A00051308008","Saint-Paul",1176059
"2021A00051307028","Salisbury",1178690
"2021S0503462","Montréal",1181321
"2021A00052466112","Baie-D'Urfé",1183952
"2021A00052466107","Beaconsfield",1186583
"2021A00052470022","Beauharnois",1189214
"2021A00052457040","Beloeil",1191845
"2021A00052473015","Blainville",1194476
"2021A00052473030","Bois-des-Filion",1197107
"2021A00052473005","Boisbriand",1199738
"2021A00052458033","Boucherville",1202369
"2021A00052458007","Brossard",1205000
"2021A00052467020","Candiac",1207631
"2021A00052457010","Carignan",1210262
"2021A00052457005","Chambly",1212893
"2021A00052460005","Charlemagne",1215524
"2021A00052467050","Châteauguay",1218155
"2021A00052471040","Coteau-du-Lac",1220786
"2021A00052466058","Côte-Saint-Luc",1223417
"2021A00052467025","Delson",1226048
"2021A00052472010","Deux-Montagnes",1228679
"2021A00052466142","Dollard-Des Ormeaux",1231310
"2021A00052466087","Dorval",1233941
"2021A00052476025","Gore",1236572
"2021A00052466062","Hampstead",1239203
"2021A00052471100","Hudson",1241834
"2021A00052467802","Kahnawake",1244465
"2021A00052472802","Kanesatake",1247096
"2021A00052466102","Kirkland",1249727
"2021A00052460028","L'Assomption",1252358
"2021A00052460037","L'Épiphanie",1254989
"2021A00052471095","L'Île-Cadieux",1257620
"2021A00052466092","L'Île-Dorval",1260251
"2021A00052471060","L'Île-Perrot",1262882
"2021A00052467015","La Prairie",1265513
"2021A00052465005","Laval",1268144
"2021A00052452007","Lavaltrie",1270775
"2021A00052471033","Les Coteaux",1273406
"2021A00052471050","Les Cèdres",1276037
"2021A00052458227","Longueuil",1278668
"2021A00052473025","Lorraine",1281299
"2021A00052467055","Léry",1283930
"2021A00052464015","Mascouche",1286561
"2021A00052457025","McMasterville",1289192
"2021A00052467045","Mercier",1291823
"2021A00052474005","Mirabel",1294454
"2021A00052466072","Mont-Royal",1297085
"2021A00052457035","Mont-Saint-Hilaire",1299716
"2021A00052466023","Montréal",1302347
"2021A00052466007","Montréal-Est",1304978
"2021A00052466047","Montréal-Ouest",1307609
"2021A00052471065","Notre-Dame-de-l'Île-Perrot",1310240
"2021A00052472032","Oka",1312871
"2021A00052457030","Otterburn Park",1315502
"2021A00052471070","Pincourt",1318133
"2021A00052472020","Pointe-Calumet",1320764
"2021A00052466097","Pointe-Claire",1323395
"2021A00052471055","Pointe-des-Cascades",1326026
"2021A00052460013","Repentigny",1328657
"2021A00052455057","Richelieu",1331288
"2021A00052473020","Rosemère",1333919
"2021A00052459015","Saint-Amable",1336550
"2021A00052457020","Saint-Basile-le-Grand",1339181
"2021A00052458037","Saint-Bruno-de-Montarville",1341812
"2021A00052475005","Saint-Colomban",1344443
"2021A00052467035","Saint-Constant",1347074
"2021A00052472005","Saint-Eustache",1349705
"2021A00052467040","Saint-Isidore",1352336
"2021A00052456083","Saint-Jean-sur-Richelieu",1354967
"2021A00052472025","Saint-Joseph-du-Lac",1357598
"2021A00052475017","Saint-Jérôme",1360229
"2021A00052458012","Saint-Lambert",1362860
"2021A00052471105","Saint-Lazare",1365491
"2021A00052463048","Saint-Lin--Laurentides",1368122
"2021A00052455065","Saint-Mathias-sur-Richelieu",1370753
"2021A00052467005","Saint-Mathieu",1373384
"2021A00052457045","Saint-Mathieu-de-Beloeil",1376015
"2021A00052467010","Saint-Philippe",1378646
"2021A00052472043","Saint-Placide",1381277
"2021A00052463035","Saint-Roch-de-l'Achigan",1383908
"2021A00052460020","Saint-Sulpice",1386539
"2021A00052471025","Saint-Zotique",1389170
"2021A00052466117","Sainte-Anne-de-Bellevue",1391801
"2021A00052473035","Sainte-Anne-des-Plaines",1394432
"2021A00052467030","Sainte-Catherine",1397063
"2021A00052459010","Sainte-Julie",1399694
"2021A00052472015","Sainte-Marthe-sur-le-Lac",1402325
"2021A00052473010","Sainte-Thérèse",1404956
"2021A00052466127","Senneville",1407587
"2021A00052471075","Terrasse-Vaudreuil",1410218
"2021A00052464008","Terrebonne",1412849
"2021A00052459020","Varennes",1415480
"2021A00052471083","Vaudreuil-Dorion",1418111
"2021A00052471090","Vaudreuil-sur-le-Lac",1420742
"2021A00052459025","Verchères",1423373
"2021A00052466032","Westmount",1426004
"2021S0504715","Moose Jaw",1428635
"2021A00054707039","Moose Jaw",1431266
"2021A00054707038","Moose Jaw No. 161",1433897
"2021S0503938","Nanaimo",1436528
"2021A00055921008","Lantzville",1439159
"2021A00055921007","Nanaimo",1441790
"2021A00055921010","Nanaimo A",1444421
"2021A00055921016","Nanaimo C",1447052
"2021A00055921807","Nanaimo River",1449683
"2021A00055921804","Nanaimo Town 1",1452314
"2021A00055921805","Nanoose",1454945
"2021S0504907","Nelson",1457576
"2021A00055903041","Central Kootenay E",1460207
"2021A00055903043","Central Kootenay F",1462838
"2021A00055903015","Nelson",1465469
"2021S0504220","New Glasgow",1468100
"2021A00051212019","Fisher's Grant 24",1470731
"2021A00051212023","Merigomish Harbour 31",1473362
"2021A00051212014","New Glasgow",1475993
"2021A00051212006","Pictou, Subd. B",1478624
"2021A00051212011","Pictou, Subd. C",1481255
"2021A00051212009","Stellarton",1483886
"2021A00051212016","Trenton",1486517
"2021A00051212008","Westville",1489148
"2021S0504547","Norfolk",1491779
"2021A00053528052","Norfolk County",1494410
"2021S0504735","North Battleford",1497041
"2021A00054712078","Battle River No. 438",1499672
"2021A00054712079","Battleford",1502303
"2021A00054716027","North Battleford",1504934
"2021A00054716029","North Battleford",1507565
"2021A00054712870","Poundmaker 114-18B",1510196
"2021A00054712837","Sweet Grass 113-M16",1512827
"2021S0504575","North Bay",1515458
"2021A00053548027","Bonfield",1518089
"2021A00053549066","Callander",1520720
"2021A00053548031","Chisholm",1523351
"2021A00053548034","East Ferris",1525982
"2021A00053549071","Nipissing",1528613
"2021A00053548094","Nipissing, Unorganized, North Part",1531244
"2021A00053548044","North Bay",1533875
"2021A00053549060","Powassan",1536506
"2021S0504820","Okotoks",1539137
"2021A00054806012","Okotoks",1541768
"2021S0504569","Orillia",1544399
"2021A00053543052","Orillia",1547030
"2021S0503532","Oshawa",1549661
"2021A00053518017","Clarington",1552292
"2021A00053518013","Oshawa",1554923
"2021A00053518009","Whitby",1557554
"2021S0503505","Ottawa - Gatineau",1560185
"2021A00053547002","Arnprior",1562816
"2021A00053509024","Beckwith",1565447
"2021A00052480145","Bowman",1568078
"2021A00052482020","Cantley",1570709
"2021A00053509028","Carleton Place",1573340
"2021A00052482025","Chelsea",1575971
"2021A00053502036","Clarence-Rockland",1578602
"2021A00052483005","Denholm",1581233
"2021A00052481017","Gatineau",1583864
"2021A00052482005","L'Ange-Gardien",1586495
"2021A00052482035","La Pêche",1589126
"2021A00052480055","Lochaber",1591757
"2021A00052480060","Lochaber-Partie-Ouest",1594388
"2021A00052480065","Mayo",1597019
"2021A00053547003","McNab/Braeside",1599650
"2021A00053509030","Mississippi Mills",1602281
"2021A00052480085","Mulgrave-et-Derry",1604912
"2021A00053507065","North Grenville",1607543
"2021A00052482010","Notre-Dame-de-la-Salette",1610174
"2021A00053506008","Ottawa",1612805
"2021A00052482030","Pontiac",1615436
"2021A00053502048","Russell",1618067
"2021A00052480050","Thurso",1620698
"2021A00052480140","Val-des-Bois",1623329
"2021A00052482015","Val-des-Monts",1625960
"2021S0504566","Owen Sound",1628591
"2021A00053542053","Georgian Bluffs",1631222
"2021A00053542059","Owen Sound",1633853
"2021S0504939","Parksville",1636484
"2021A00055921034","Nanaimo G",1639115
"2021A00055921018","Parksville",1641746
"2021A00055921023","Qualicum Beach",1644377
"2021S0504515","Pembroke",1647008
"2021A00053547075","Laurentian Valley",1649639
"2021A00053547064","Pembroke",1652270
"2021S0504913","Penticton",1654901
"2021A00055907047","Okanagan-Similkameen D",1657532
"2021A00055907051","Okanagan-Similkameen F",1660163
"2021A00055907048","Okanagan-Similkameen I",1662794
"2021A00055907041","Penticton",1665425
"2021A00055907803","Penticton 1",1668056
"2021S0504516","Petawawa",1670687
"2021A00053547076","Petawawa",1673318
"2021S0503529","Peterborough",1675949
"2021A00053515013","Cavan Monaghan",1678580
"2021A00053515019","Curve Lake First Nation 35",1681211
"2021A00053515023","Douro-Dummer",1683842
"2021A00053515008","Hiawatha First Nation",1686473
"2021A00053515005","Otonabee-South Monaghan",1689104
"2021A00053515014","Peterborough",1691735
"2021A00053515015","Selwyn",1694366
"2021S0504940","Port Alberni",1696997
"2021A00055923801","Ahahswinis 1",1699628
"2021A00055923802","Alberni 2",1702259
"2021A00055923035","Alberni-Clayoquot D",1704890
"2021A00055923037","Alberni-Clayoquot E",1707521
"2021A00055923039","Alberni-Clayoquot F",1710152
"2021A00055923822","Klehkoot 2",1712783
"2021A00055923008","Port Alberni",1715414
"2021A00055923816","Tsahaheh 1",1718045
"2021S0504528","Port Hope",1720676
"2021A00053514020","Port Hope",1723307
"2021S0504607","Portage la Prairie",1725938
"2021A00054609029","Portage la Prairie",1728569
"2021S0504945","Powell River",1731200
"2021A00055927008","Powell River",1733831
"2021A00055927806","Sechelt (Part)",1736462
"2021A00055927012","qathet B",1739093
"2021A00055927016","qathet C",1741724
"2021S0504745","Prince Albert",1744355
"2021A00054715085","Albertville",1746986
"2021A00054715094","Buckland No. 491",1749617
"2021A00054715079","Garden River No. 490",1752248
"2021A00054715092","Meath Park",1754879
"2021A00054715066","Prince Albert",1757510
"2021A00054715064","Prince Albert No. 461",1760141
"2021A00054715848","Wahpaton 94A",1762772
"2021S0504970","Prince George",1765403
"2021A00055953801","Fort George 2",1768034
"2021A00055953038","Fraser-Fort George A",1770665
"2021A00055953042","Fraser-Fort George C",1773296
"2021A00055953044","Fraser-Fort George D",1775927
"2021A00055953048","Fraser-Fort George F",1778558
"2021A00055953023","Prince George",1781189
"2021S0504955","Prince Rupert",1783820
"2021A00055947809","Lax Kw'alaams 1",1786451
"2021A00055947016","North Coast A",1789082
"2021A00055947007","Port Edward",1791713
"2021A00055947012","Prince Rupert",1794344
"2021A00055947810","S1/2 Tsimpsean 2",1796975
"2021S0504952","Quesnel",1799606
"2021A00055941882","Alexandria",1802237
"2021A00055941881","Baezaeko River 27",1804868
"2021A00055941019","Cariboo A",1807499
"2021A00055941021","Cariboo B",1810130
"2021A00055941026","Cariboo C",1812761
"2021A00055941027","Cariboo I",1815392
"2021A00055941835","Coglistiko River 29",1818023
"2021A00055941886","Dragon Lake 3",1820654
"2021A00055941866","Euchinico Creek 17",1823285
"2021A00055941833","Kluskus 1",1825916
"2021A00055941837","Nazco 20",1828547
"2021A00055941013","Quesnel",1831178
"2021A00055941809","Quesnel 1",1833809
"2021A00055941864","Sundayman's Meadow 3",1836440
"2021A00055941852","Trout Lake Alec 16",1839071
"2021A00055941025","Wells",1841702
"2021S0503421","Québec",1844333
"2021A00052419105","Beaumont",1846964
"2021A00052421045","Boischatel",1849595
"2021A00052421035","Château-Richer",1852226
"2021A00052422010","Fossambault-sur-le-Lac",1854857
"2021A00052423057","L'Ancienne-Lorette",1857488
"2021A00052421040","L'Ange-Gardien",1860119
"2021A00052422040","Lac-Beauport",1862750
"2021A00052422030","Lac-Delage",1865381
"2021A00052422015","Lac-Saint-Joseph",1868012
"2021A00052425213","Lévis",1870643
"2021A00052434007","Neuville",1873274
"2021A00052423015","Notre-Dame-des-Anges",1875905
"2021A00052423027","Québec",1878536
"2021A00052433095","Saint-Antoine-de-Tilly",1881167
"2021A00052433090","Saint-Apollinaire",1883798
"2021A00052423072","Saint-Augustin-de-Desmaures",1886429
"2021A00052420005","Saint-François-de-l'Île-d'Orléans",1889060
"2021A00052422025","Saint-Gabriel-de-Valcartier",1891691
"2021A00052419068","Saint-Henri",1894322
"2021A00052420015","Saint-Jean-de-l'Île-d'Orléans",1896953
"2021A00052426070","Saint-Lambert-de-Lauzon",1899584
"2021A00052420020","Saint-Laurent-de-l'Île-d'Orléans",1902215
"2021A00052420025","Saint-Pierre-de-l'Île-d'Orléans",1904846
"2021A00052422045","Sainte-Brigitte-de-Laval",1907477
"2021A00052422005","Sainte-Catherine-de-la-Jacques-Cartier",1910108
"2021A00052420010","Sainte-Famille-de-l'Île-d'Orléans",1912739
"2021A00052420030","Sainte-Pétronille",1915370
"2021A00052422020","Shannon",1918001
"2021A00052422035","Stoneham-et-Tewkesbury",1920632
"2021A00052423802","Wendake",1923263
"2021S0503830","Red Deer",1925894
"2021A00054808011","Red Deer",1928525
"2021S0503705","Regina",1931156
"2021A00054706032","Balgonie",1933787
"2021A00054706022","Belle Plaine",1936418
"2021A00054706055","Buena Vista",1939049
"2021A00054706078","Craven",1941680
"2021A00054706054","Disley",1944311
"2021A00054706033","Edenwold",1946942
"2021A00054706029","Edenwold No. 158",1949573
"2021A00054706028","Grand Coulee",1952204
"2021A00054706011","Lajord No. 128",1954835
"2021A00054706056","Lumsden",1957466
"2021A00054706057","Lumsden Beach",1960097
"2021A00054706053","Lumsden No. 189",1962728
"2021A00054706023","Pense",1965359
"2021A00054706021","Pense No. 160",1967990
"2021A00054706031","Pilot Butte",1970621
"2021A00054706027","Regina",1973252
"2021A00054706058","Regina Beach",1975883
"2021A00054706026","Sherwood No. 159",1978514
"2021A00054706030","White City",1981145
"2021S0504404","Rimouski",1983776
"2021A00052410043","Rimouski",1986407
"2021A00052410030","Saint-Anaclet-de-Lessard",1989038
"2021A00052410015","Saint-Narcisse-de-Rimouski",1991669
"2021A00052410060","Saint-Valérien",1994300
"2021S0504405","Rivière-du-Loup",1996931
"2021A00052412057","Cacouna",1999562
"2021A00052412080","Notre-Dame-du-Portage",2002193
"2021A00052412072","Rivière-du-Loup",2004824
"2021A00052412015","Saint-Antonin",2007455
"2021A00052412065","Saint-Arsène",2010086
"2021A00052412020","Saint-Modeste",2012717
"2021S0504485","Rouyn-Noranda",2015348
"2021A00052486042","Rouyn-Noranda",2017979
"2021S0503408","Saguenay",2020610
"2021A00052494250","Bégin",2023241
"2021A00052494220","Ferland-et-Boilleau",2025872
"2021A00052494265","Larouche",2028503
"2021A00052494068","Saguenay",2031134
"2021A00052494260","Saint-Charles-de-Bourget",2033765
"2021A00052494245","Saint-David-de-Falardeau",2036396
"2021A00052494235","Saint-Fulgence",2039027
"2021A00052494225","Saint-Félix-d'Otis",2041658
"2021A00052494240","Saint-Honoré",2044289
"2021A00052494230","Sainte-Rose-du-Nord",2046920
"2021S0503310","Saint John",2049551
"2021A00051305015","Grand Bay-Westfield",2052182
"2021A00051305038","Greenwich",2054813
"2021A00051305006","Hampton",2057444
"2021A00051305007","Hampton",2060075
"2021A00051305014","Kingston",2062706
"2021A00051302008","Lepreau",2065337
"2021A00051301016","Musquash",2067968
"2021A00051305016","Norton",2070599
"2021A00051304001","Petersville",2073230
"2021A00051305057","Quispamsis",2075861
"2021A00051305008","Rothesay",2078492
"2021A00051305045","Rothesay",2081123
"2021A00051301006","Saint John",2083754
"2021A00051301001","Saint Martins",2086385
"2021A00051301004","Simonds",2089016
"2021A00051301002","St. Martins",2091647
"2021A00051305004","Upham",2094278
"2021A00051305011","Westfield",2096909
"2021S0504428","Saint-Georges",2099540
"2021A00052429073","Saint-Georges",2102171
"2021A00052429065","Saint-Philibert",2104802
"2021A00052429050","Saint-René",2107433
"2021A00052429125","Saint-Simon-les-Mines",2110064
"2021S0504452","Saint-Hyacinthe",2112695
"2021A00052454060","Saint-Dominique",2115326
"2021A00052454048","Saint-Hyacinthe",2117957
"2021S0504467","Sainte-Agathe-des-Monts",2120588
"2021A00052478032","Sainte-Agathe-des-Monts",2123219
"2021A00052478010","Val-David",2125850
"2021A00052478005","Val-Morin",2128481
"2021S0504423","Sainte-Marie",2131112
"2021A00052426030","Sainte-Marie",2133743
"2021S0504465","Salaberry-de-Valleyfield",2136374
"2021A00052470052","Salaberry-de-Valleyfield",2139005
"2021S0504920","Salmon Arm",2141636
"2021A00055939032","Salmon Arm",2144267
"2021A00055939811","Switsemalph",2146898
"2021A00055939808","Switsemalph 3",2149529
"2021S0504562","Sarnia",2152160
"2021A00053538035","Plympton-Wyoming",2154791
"2021A00053538031","Point Edward",2157422
"2021A00053538030","Sarnia",2160053
"2021A00053538025","Sarnia 45",2162684
"2021A00053538003","St. Clair",2165315
"2021S0503725","Saskatoon",2167946
"2021A00054715019","Aberdeen",2170577
"2021A00054715018","Aberdeen No. 373",2173208
"2021A00054711072","Allan",2175839
"2021A00054712059","Asquith",2178470
"2021A00054711069","Blucher No. 343",2181101
"2021A00054711071","Bradwell",2183732
"2021A00054711077","Clavet",2186363
"2021A00054711079","Colonsay",2188994
"2021A00054711076","Colonsay No. 342",2191625
"2021A00054711065","Corman Park No. 344",2194256
"2021A00054711073","Dalmeny",2196887
"2021A00054712056","Delisle",2199518
"2021A00054711063","Dundurn",2202149
"2021A00054711061","Dundurn No. 314",2204780
"2021A00054711067","Langham",2207411
"2021A00054711070","Martensville",2210042
"2021A00054711078","Meacham",2212673
"2021A00054711075","Osler",2215304
"2021A00054711066","Saskatoon",2217935
"2021A00054711064","Shields",2220566
"2021A00054711060","Thode",2223197
"2021A00054712058","Vanscoy",2225828
"2021A00054712054","Vanscoy No. 345",2228459
"2021A00054711068","Warman",2231090
"2021A00054711828","Whitecap",2233721
"2021S0504590","Sault Ste. Marie",2236352
"2021A00053557074","Garden River 14",2238983
"2021A00053557011","Laird",2241614
"2021A00053557051","Macdonald, Meredith and Aberdeen Additional",2244245
"2021A00053557066","Prince",2246876
"2021A00053557075","Rankin Location 15D",2249507
"2021A00053557061","Sault Ste. Marie",2252138
"2021S0504412","Sept-Îles",2254769
"2021A00052497804","Maliotenam",2257400
"2021A00052497007","Sept-Îles",2260031
"2021A00052497802","Uashat 27",2262662
"2021S0504444","Shawinigan",2265293
"2021A00052436033","Shawinigan",2267924
"2021S0503433","Sherbrooke",2270555
"2021A00052441055","Ascot Corner",2273186
"2021A00052444071","Compton",2275817
"2021A00052445055","Hatley",2278448
"2021A00052445072","Magog",2281079
"2021A00052445050","North Hatley",2283710
"2021A00052445115","Orford",2286341
"2021A00052442025","Saint-Denis-de-Brompton",2288972
"2021A00052443027","Sherbrooke",2291603
"2021A00052442005","Stoke",2294234
"2021A00052442095","Val-Joli",2296865
"2021A00052444080","Waterville",2299496
"2021S0504454","Sorel-Tracy",2302127
"2021A00052453050","Saint-Joseph-de-Sorel",2304758
"2021A00052453065","Sainte-Anne-de-Sorel",2307389
"2021A00052453025","Sainte-Victoire-de-Sorel",2310020
"2021A00052453052","Sorel-Tracy",2312651
"2021S0504934","Squamish",2315282
"2021A00055931802","Kowtain 17",2317913
"2021A00055931806","Seaichem 16",2320544
"2021A00055931006","Squamish",2323175
"2021A00055931807","Stawamus 24",2325806
"2021A00055931808","Waiwakum 14",2328437
"2021A00055931809","Yekwaupsum 18",2331068
"2021S0503539","St. Catharines - Niagara",2333699
"2021A00053526003","Fort Erie",2336330
"2021A00053526057","Lincoln",2338961
"2021A00053526043","Niagara Falls",2341592
"2021A00053526047","Niagara-on-the-Lake",2344223
"2021A00053526028","Pelham",2346854
"2021A00053526011","Port Colborne",2349485
"2021A00053526053","St. Catharines",2352116
"2021A00053526037","Thorold",2354747
"2021A00053526014","Wainfleet",2357378
"2021A00053526032","Welland",2360009
"2021S0503001","St. John's",2362640
"2021A00051001512","Bauline",2365271
"2021A00051001557","Bay Bulls",2367902
"2021A00051001485","Conception Bay South",2370533
"2021A00051001507","Flatrock",2373164
"2021A00051001472","Holyrood",2375795
"2021A00051001511","Logy Bay-Middle Cove-Outer Cove",2378426
"2021A00051001542","Mount Pearl",2381057
"2021A00051001517","Paradise",2383688
"2021A00051001551","Petty Harbour-Maddox Cove",2386319
"2021A00051001504","Portugal Cove-St. Philip's",2388950
"2021A00051001505","Pouch Cove",2391581
"2021A00051001519","St. John's",2394212
"2021A00051001509","Torbay",2396843
"2021A00051001559","Witless Bay",2399474
"2021S0504605","Steinbach",2402105
"2021A00054602044","Steinbach",2404736
"2021S0504553","Stratford",2407367
"2021A00053531011","Stratford",2409998
"2021S0504826","Strathmore",2412629
"2021A00054805018","Strathmore",2415260
"2021S0504110","Summerside",2417891
"2021A00051103023","Linkletter",2420522
"2021A00051103024","Miscouche",2423153
"2021A00051103040","Miscouche",2425784
"2021A00051103025","Summerside",2428415
"2021S0504720","Swift Current",2431046
"2021A00054708004","Swift Current",2433677
"2021A00054708001","Swift Current No. 137",2436308
"2021S0504831","Sylvan Lake",2438939
"2021A00054808005","Jarvis Bay",2441570
"2021A00054808013","Norglenwold",2444201
"2021A00054808012","Sylvan Lake",2446832
"2021S0504965","Terrace",2449463
"2021A00055949013","Kitimat-Stikine C (Part 1)",2452094
"2021A00055949018","Kitimat-Stikine E",2454725
"2021A00055949844","Kitselas 1",2457356
"2021A00055949804","Kitsumkaylum 1",2459987
"2021A00055949805","Kshish 4",2462618
"2021A00055949807","Kulspai 6",2465249
"2021A00055949011","Terrace",2467880
"2021S0504430","Thetford Mines",2470511
"2021A00052431095","Saint-Adrien-d'Irlande",2473142
"2021A00052431045","Saint-Joseph-de-Coleraine",2475773
"2021A00052431084","Thetford Mines",2478404
"2021S0504640","Thompson",2481035
"2021A00054622026","Thompson",2483666
"2021S0503595","Thunder Bay",2486297
"2021A00053558019","Conmee",2488928
"2021A00053558003","Fort William 52",2491559
"2021A00053558012","Gillies",2494190
"2021A00053558001","Neebing",2496821
"2021A00053558016","O'Connor",2499452
"2021A00053558011","Oliver Paipoonge",2502083
"2021A00053558028","Shuniah",2504714
"2021A00053558004","Thunder Bay",2507345
"2021S0504546","Tillsonburg",2509976
"2021A00053532004","Tillsonburg",2512607
"2021S0504586","Timmins",2515238
"2021A00053556027","Timmins",2517869
"2021S0503535","Toronto",2520500
"2021A00053518005","Ajax",2523131
"2021A00053519046","Aurora",2525762
"2021A00053543014","Bradford West Gwillimbury",2528393
"2021A00053521010","Brampton",2531024
"2021A00053521024","Caledon",2533655
"2021A00053519076","Chippewas of Georgina Island First Nation",2536286
"2021A00053519054","East Gwillimbury",2538917
"2021A00053519070","Georgina",2541548
"2021A00053524015","Halton Hills",2544179
"2021A00053519049","King",2546810
"2021A00053519036","Markham",2549441
"2021A00053524009","Milton",2552072
"2021A00053521005","Mississauga",2554703
"2021A00053522012","Mono",2557334
"2021A00053543007","New Tecumseth",2559965
"2021A00053519048","Newmarket",2562596
"2021A00053524001","Oakville",2565227
"2021A00053522014","Orangeville",2567858
"2021A00053518001","Pickering",2570489
"2021A00053519038","Richmond Hill",2573120
"2021A00053520005","Toronto",2575751
"2021A00053518029","Uxbridge",2578382
"2021A00053519028","Vaughan",2581013
"2021A00053519044","Whitchurch-Stouffville",2583644
"2021S0504910","Trail",2586275
"2021A00055905005","Fruitvale",2588906
"2021A00055905026","Kootenay Boundary A",2591537
"2021A00055905009","Montrose",2594168
"2021A00055905014","Trail",2596799
"2021A00055905018","Warfield",2599430
"2021S0503442","Trois-Rivières",2602061
"2021A00052438010","Bécancour",2604692
"2021A00052437220","Champlain",2607323
"2021A00052437225","Saint-Luc-de-Vincennes",2609954
"2021A00052437230","Saint-Maurice",2612585
"2021A00052437067","Trois-Rivières",2615216
"2021A00052438802","Wôlinak",2617847
"2021A00052451020","Yamachiche",2620478
"2021S0504215","Truro",2623109
"2021A00051210008","Colchester, Subd. B",2625740
"2021A00051210001","Colchester, Subd. C",2628371
"2021A00051210003","Millbrook 27",2631002
"2021A00051210006","Truro",2633633
"2021S0504480","Val-d'Or",2636264
"2021A00052489804","Lac Simon",2638895
"2021A00052489008","Val-d'Or",2641526
"2021S0503933","Vancouver",2644157
"2021A00055915038","Anmore",2646788
"2021A00055915809","Barnston Island 3",2649419
"2021A00055915036","Belcarra",2652050
"2021A00055915062","Bowen Island",2654681
"2021A00055915025","Burnaby",2657312
"2021A00055915806","Burrard Inlet 3",2659943
"2021A00055915808","Capilano 5",2662574
"2021A00055915034","Coquitlam",2665205
"2021A00055915805","Coquitlam 1",2667836
"2021A00055915804","Coquitlam 2",2670467
"2021A00055915011","Delta",2673098
"2021A00055915830","Katzie 1",2675729
"2021A00055915813","Katzie 2",2678360
"2021A00055915001","Langley",2680991
"2021A00055915002","Langley",2683622
"2021A00055915065","Lions Bay",2686253
"2021A00055915075","Maple Ridge",2688884
"2021A00055915825","Matsqui 4",2691515
"2021A00055915816","McMillan Island 6",2694146
"2021A00055915020","Metro Vancouver A",2696777
"2021A00055915807","Mission 1",2699408
"2021A00055915803","Musqueam 2",2702039
"2021A00055915810","Musqueam 4",2704670
"2021A00055915029","New Westminster",2707301
"2021A00055915046","North Vancouver",2709932
"2021A00055915051","North Vancouver",2712563
"2021A00055915070","Pitt Meadows",2715194
"2021A00055915039","Port Coquitlam",2717825
"2021A00055915043","Port Moody",2720456
"2021A00055915015","Richmond",2723087
"2021A00055915801","Semiahmoo",2725718
"2021A00055915811","Seymour Creek 2",2728349
"2021A00055915004","Surrey",2730980
"2021A00055915802","Tsawwassen",2733611
"2021A00055915022","Vancouver",2736242
"2021A00055915055","West Vancouver",2738873
"2021A00055915007","White Rock",2741504
"2021A00055915840","Whonnock 1",2744135
"2021S0504918","Vernon",2746766
"2021A00055937010","Coldstream",2749397
"2021A00055937017","North Okanagan B",2752028
"2021A00055937021","North Okanagan C",2754659
"2021A00055937801","Okanagan (Part) 1",2757290
"2021A00055937803","Priest's Valley 6",2759921
"2021A00055937014","Vernon",2762552
"2021S0503935","Victoria",2765183
"2021A00055917809","Becher Bay 1",2767814
"2021A00055917015","Central Saanich",2770445
"2021A00055917801","Cole Bay 3",2773076
"2021A00055917041","Colwood",2775707
"2021A00055917803","East Saanich 2",2778338
"2021A00055917040","Esquimalt",2780969
"2021A00055917811","Esquimalt",2783600
"2021A00055917049","Highlands",2786231
"2021A00055917054","Juan de Fuca (Part 1)",2788862
"2021A00055917044","Langford",2791493
"2021A00055917042","Metchosin",2794124
"2021A00055917812","New Songhees 1A",2796755
"2021A00055917005","North Saanich",2799386
"2021A00055917030","Oak Bay",2802017
"2021A00055917021","Saanich",2804648
"2021A00055917010","Sidney",2807279
"2021A00055917052","Sooke",2809910
"2021A00055917804","South Saanich 1",2812541
"2021A00055917819","T'Sou-ke",2815172
"2021A00055917802","Union Bay 4",2817803
"2021A00055917034","Victoria",2820434
"2021A00055917047","View Royal",2823065
"2021S0504440","Victoriaville",2825696
"2021A00052439030","Chesterville",2828327
"2021A00052439060","Saint-Christophe-d'Arthabaska",2830958
"2021A00052439135","Saint-Valère",2833589
"2021A00052439062","Victoriaville",2836220
"2021S0504565","Wasaga Beach",2838851
"2021A00053543064","Wasaga Beach",2841482
"2021S0504865","Wetaskiwin",2844113
"2021A00054811002","Wetaskiwin",2846744
"2021S0504755","Weyburn",2849375
"2021A00054702048","McTaggart",2852006
"2021A00054702047","Weyburn",2854637
"2021A00054702044","Weyburn No. 67",2857268
"2021S0504990","Whitehorse",2859899
"2021A00056001055","Ibex Valley",2862530
"2021A00056001010","Lake Laberge 1",2865161
"2021A00056001059","Macpherson-Grizzly Valley",2867792
"2021A00056001058","Marsh Lake",2870423
"2021A00056001044","Mt. Lorne",2873054
"2021A00056001009","Whitehorse",2875685
"2021A00056001060","Whitehorse, Unorganized",2878316
"2021S0504950","Williams Lake",2880947
"2021A00055941801","Alkali Lake 1",2883578
"2021A00055941873","Alkali Lake 4A",2886209
"2021A00055941010","Cariboo D",2888840
"2021A00055941012","Cariboo E",2891471
"2021A00055941014","Cariboo F",2894102
"2021A00055941805","Deep Creek 2",2896733
"2021A00055941806","Dog Creek 1",2899364
"2021A00055941807","Dog Creek 2",2901995
"2021A00055941811","Johny Sticks 2",2904626
"2021A00055941885","Little Springs",2907257
"2021A00055941868","Sandy Harry 4",2909888
"2021A00055941810","Soda Creek 1",2912519
"2021A00055941872","Swan Lake 3",2915150
"2021A00055941009","Williams Lake",2917781
"2021A00055941812","Williams Lake 1",2920412
"2021S0503559","Windsor",2923043
"2021A00053537028","Amherstburg",2925674
"2021A00053537016","Essex",2928305
"2021A00053537013","Kingsville",2930936
"2021A00053537034","LaSalle",2933567
"2021A00053537064","Lakeshore",2936198
"2021A00053537003","Leamington",2938829
"2021A00053537048","Tecumseh",2941460
"2021A00053537039","Windsor",2944091
"2021S0504603","Winkler",2946722
"2021A00054603053","Morden",2949353
"2021A00054603047","Stanley",2951984
"2021A00054603050","Winkler",2954615
"2021S0503602","Winnipeg",2957246
"2021A00054613062","Brokenhead 4",2959877
"2021A00054613032","East St. Paul",2962508
"2021A00054611042","Headingley",2965139
"2021A00054610035","Macdonald",2967770
"2021A00054602046","Niverville",2970401
"2021A00054602075","Ritchot",2973032
"2021A00054614015","Rosser",2975663
"2021A00054612047","Springfield",2978294
"2021A00054613056","St. Clements",2980925
"2021A00054610052","St. François Xavier",2983556
"2021A00054602069","Taché",2986187
"2021A00054613037","West St. Paul",2988818
"2021A00054611040","Winnipeg",2991449
"2021S0504860","Wood Buffalo",2994080
"2021A00054816850","Allison Bay 219",2996711
"2021A00054816852","Dog Head 218",2999342
"2021A00054816810","Fort Mckay 174",3001973
"2021A00054816821","Gregoire Lake 176",3004604
"2021A00054816822","Gregoire Lake 176A",3007235
"2021A00054816817","Janvier 194",3009866
"2021A00054816849","Old Fort 217",3012497
"2021A00054816861","Thabacha Náre 196A",3015128
"2021A00054816037","Wood Buffalo",3017759
"2021S0504544","Woodstock",3020390
"2021A00053532042","Woodstock",3023021
"2021S0504995","Yellowknife",3025652
"2021A00056106023","Yellowknife",3028283
"2021S0504710","Yorkton",3030914
"2021A00054709014","Ebenezer",3033545
"2021A00054709011","Orkney No. 244",3036176
"2021A00054709009","Rhein",3038807
"2021A00054709016","Springside",3041438
"2021A00054709006","Wallace No. 243",3044069
"2021A00054709012","Yorkton",3046700
